Month,Total_Sales
2023-01,41692.25786805779
2023-02,48476.22513675955
2023-03,27262.50176644512
2023-04,51273.75869966827
2023-05,61773.61361372451
2023-06,50416.52070752021
2023-07,42997.84692474401
2023-08,46784.76733282987
2023-09,42582.86489481228
2023-10,43258.62820337503
2023-11,44949.087173963424
2023-12,43039.02337304439
